OPTIONS	/api/products/	200	0	2020-10-26
GET	/api/products/	200	96	2020-10-26
OPTIONS	/api/products/	200	0	2020-10-26
POST	/api/products/	201	111	2020-10-26
OPTIONS	/api/products/320/images	200	0	2020-10-26
OPTIONS	/api/products/	200	2	2020-10-26
GET	/api/products/	200	257	2020-10-26
OPTIONS	/api/products/	200	0	2020-10-26
POST	/api/products/	201	112	2020-10-26
OPTIONS	/api/products/321/images	200	0	2020-10-26
OPTIONS	/api/products/	200	2	2020-10-26
GET	/api/products/	200	236	2020-10-26
OPTIONS	/api/products/	200	0	2020-10-26
POST	/api/products/	201	105	2020-10-26
OPTIONS	/api/products/322/images	200	0	2020-10-26
OPTIONS	/api/products/	200	0	2020-10-26
GET	/api/products/	200	124	2020-10-26
OPTIONS	/api/products/	200	0	2020-10-26
POST	/api/products/	400	50	2020-10-26
OPTIONS	/api/products/	200	0	2020-10-26
POST	/api/products/	201	28	2020-10-26
OPTIONS	/api/products/323/images	200	0	2020-10-26
OPTIONS	/api/products/	200	2	2020-10-26
GET	/api/products/	200	286	2020-10-26
OPTIONS	/api/products/	200	0	2020-10-26
POST	/api/products/	201	133	2020-10-26
OPTIONS	/api/products/324/images	200	0	2020-10-26
OPTIONS	/api/products/	200	3	2020-10-26
GET	/api/products/	200	384	2020-10-26
OPTIONS	/api/products/	200	0	2020-10-26
POST	/api/products/	201	174	2020-10-26
OPTIONS	/api/products/325/images	200	0	2020-10-26
OPTIONS	/api/products/	200	2	2020-10-26
GET	/api/products/	200	316	2020-10-26
OPTIONS	/api/products/	200	0	2020-10-26
POST	/api/products/	201	130	2020-10-26
OPTIONS	/api/products/326/images	200	0	2020-10-26
OPTIONS	/api/products/	200	2	2020-10-26
GET	/api/products/	200	250	2020-10-26
OPTIONS	/api/products/	200	0	2020-10-26
POST	/api/products/	201	110	2020-10-26
OPTIONS	/api/products/327/images	200	0	2020-10-26
OPTIONS	/api/products/	200	2	2020-10-26
GET	/api/products/	200	261	2020-10-26
OPTIONS	/api/products/	200	0	2020-10-26
POST	/api/products/	201	122	2020-10-26
OPTIONS	/api/products/328/images	200	0	2020-10-26
OPTIONS	/api/products/	200	2	2020-10-26
GET	/api/products/	200	259	2020-10-26
OPTIONS	/api/products/	200	0	2020-10-26
POST	/api/products/	201	116	2020-10-26
OPTIONS	/api/products/329/images	200	0	2020-10-26
OPTIONS	/api/products/	200	0	2020-10-26
GET	/api/products/	200	44	2020-10-26
OPTIONS	/api/products/	200	0	2020-10-26
POST	/api/products/	201	59	2020-10-26
OPTIONS	/api/products/330/images	200	0	2020-10-26
OPTIONS	/api/products/	200	0	2020-10-26
GET	/api/products/	200	22	2020-10-26
OPTIONS	/api/products/	200	0	2020-10-26
POST	/api/products/	201	36	2020-10-26
OPTIONS	/api/products/331/images	200	0	2020-10-26
OPTIONS	/api/products/	200	2	2020-10-26
GET	/api/products/	200	270	2020-10-26
OPTIONS	/api/products/	200	0	2020-10-26
POST	/api/products/	201	106	2020-10-26
OPTIONS	/api/products/332/images	200	0	2020-10-26
OPTIONS	/api/products/	200	2	2020-10-26
GET	/api/products/	200	285	2020-10-26
OPTIONS	/api/products/	200	0	2020-10-26
POST	/api/products/	201	105	2020-10-26
OPTIONS	/api/products/333/images	200	0	2020-10-26
OPTIONS	/api/products/	200	3	2020-10-26
GET	/api/products/	200	272	2020-10-26
OPTIONS	/api/products/	200	0	2020-10-26
POST	/api/products/	201	126	2020-10-26
OPTIONS	/api/products/334/images	200	0	2020-10-26
OPTIONS	/api/products/	200	0	2020-10-26
GET	/api/products/	200	33	2020-10-26
OPTIONS	/api/products/	200	0	2020-10-26
POST	/api/products/	201	58	2020-10-26
OPTIONS	/api/products/335/images	200	0	2020-10-26
OPTIONS	/api/products/	200	0	2020-10-26
GET	/api/products/	200	38	2020-10-26
OPTIONS	/api/products/	200	0	2020-10-26
POST	/api/products/	201	56	2020-10-26
OPTIONS	/api/products/336/images	200	0	2020-10-26
OPTIONS	/api/products/	200	2	2020-10-26
GET	/api/products/	200	308	2020-10-26
OPTIONS	/api/products/	200	0	2020-10-26
POST	/api/products/	201	116	2020-10-26
OPTIONS	/api/products/337/images	200	0	2020-10-26
OPTIONS	/api/products/	200	2	2020-10-26
GET	/api/products/	200	261	2020-10-26
OPTIONS	/api/products/	200	0	2020-10-26
POST	/api/products/	201	163	2020-10-26
OPTIONS	/api/products/338/images	200	0	2020-10-26
PATCH	/api/products/338/images	200	280	2020-10-26
OPTIONS	/api/products/338/images/cb17d8a7-32f3-4723-903b-24a05a23aa0e.jpg	200	0	2020-10-26
OPTIONS	/api/products/	200	2	2020-10-26
GET	/api/products/	200	286	2020-10-26
OPTIONS	/api/products/	200	0	2020-10-26
POST	/api/products/	201	107	2020-10-26
OPTIONS	/api/products/339/images	200	0	2020-10-26
PATCH	/api/products/339/images	200	257	2020-10-26
OPTIONS	/api/products/339/images/b3c60490-4e48-4fd1-a7ef-721cb836a598.jpg	200	0	2020-10-26
OPTIONS	/api/products/	200	2	2020-10-26
GET	/api/products/	200	268	2020-10-26
OPTIONS	/api/products/	200	0	2020-10-26
POST	/api/products/	201	107	2020-10-26
OPTIONS	/api/products/340/images	200	0	2020-10-26
PATCH	/api/products/340/images	200	278	2020-10-26
OPTIONS	/api/products/340/images/1f5a3fd5-1dd8-42d5-a995-8b3ee7d381c9.jpg	200	0	2020-10-26
GET	/api/products/340/images/1f5a3fd5-1dd8-42d5-a995-8b3ee7d381c9.jpg	200	85	2020-10-26
OPTIONS	/api/products/	200	2	2020-10-26
GET	/api/products/	200	258	2020-10-26
OPTIONS	/api/products/	200	0	2020-10-26
POST	/api/products/	201	112	2020-10-26
OPTIONS	/api/products/341/images	200	0	2020-10-26
PATCH	/api/products/341/images	200	250	2020-10-26
OPTIONS	/api/products/341/images/e14fb443-e9e1-46b1-8c4c-1ba346032c91.jpg	200	0	2020-10-26
GET	/api/products/341/images/e14fb443-e9e1-46b1-8c4c-1ba346032c91.jpg	200	77	2020-10-26
OPTIONS	/api/products/	200	2	2020-10-26
GET	/api/products/	200	251	2020-10-26
OPTIONS	/api/products/	200	0	2020-10-26
POST	/api/products/	201	98	2020-10-26
OPTIONS	/api/products/342/images	200	0	2020-10-26
PATCH	/api/products/342/images	200	232	2020-10-26
OPTIONS	/api/products/342/images/a5e175d9-65ea-41dc-868f-3d64bf3eef11.jpg	200	0	2020-10-26
GET	/api/products/342/images/a5e175d9-65ea-41dc-868f-3d64bf3eef11.jpg	200	72	2020-10-26
OPTIONS	/api/products/	200	2	2020-10-26
GET	/api/products/	200	278	2020-10-26
OPTIONS	/api/products/	200	0	2020-10-26
POST	/api/products/	201	106	2020-10-26
OPTIONS	/api/products/343/images	200	0	2020-10-26
PATCH	/api/products/343/images	200	291	2020-10-26
OPTIONS	/api/products/343/images/d2513659-033e-4551-8424-dc6d906917e1.jpg	200	0	2020-10-26
GET	/api/products/343/images/d2513659-033e-4551-8424-dc6d906917e1.jpg	200	85	2020-10-26
